{"cameraMode":{"drawMode":0,"name":"Shaded","section":"Shading Mode"},"sceneLighting":false,"audioPlay":false,"sceneViewState":{"m_AlwaysRefresh":false,"showFog":true,"showSkybox":false,"showFlares":true,"showImageEffects":true,"showParticleSystems":true,"showVisualEffectGraphs":true,"m_FxEnabled":true},"in2DMode":false,"pivot":{"x":-2.9727673530578615,"y":7.291584014892578,"z":-2.0360827445983888},"rotation":{"x":-0.16556113958358766,"y":-0.35990607738494875,"z":0.06500227004289627,"w":-0.9159144163131714},"size":2.3084681034088136,"orthographic":false}