{"cameraMode":{"drawMode":0,"name":"Shaded","section":"Shading Mode"},"sceneLighting":false,"audioPlay":false,"sceneViewState":{"m_AlwaysRefresh":false,"showFog":true,"showSkybox":false,"showFlares":true,"showImageEffects":true,"showParticleSystems":true,"showVisualEffectGraphs":true,"m_FxEnabled":true},"in2DMode":false,"pivot":{"x":-0.22165441513061524,"y":32.324214935302737,"z":-0.2029283344745636},"rotation":{"x":-0.45003923773765566,"y":0.08072169870138169,"z":0.04548026993870735,"w":0.8885719776153565},"size":2.498176097869873,"orthographic":false}