{"cameraMode":{"drawMode":0,"name":"Shaded","section":"Shading Mode"},"sceneLighting":false,"audioPlay":false,"sceneViewState":{"m_AlwaysRefresh":false,"showFog":true,"showSkybox":false,"showFlares":true,"showImageEffects":true,"showParticleSystems":true,"showVisualEffectGraphs":true,"m_FxEnabled":true},"in2DMode":false,"pivot":{"x":5.7927141189575199,"y":16.861774444580079,"z":0.5136618614196777},"rotation":{"x":0.34214937686920168,"y":0.036021795123815539,"z":0.009074635803699494,"w":-0.9392657279968262},"size":6.383572578430176,"orthographic":false}